{"cameraMode":{"drawMode":0,"name":"Shaded","section":"Shading Mode"},"sceneLighting":false,"audioPlay":false,"sceneViewState":{"showFog":true,"showMaterialUpdate":false,"showSkybox":false,"showFlares":true,"showImageEffects":true,"showParticleSystems":true},"in2DMode":false,"pivot":{"x":-0.7404552102088928,"y":0.1565895825624466,"z":35.97726821899414},"rotation":{"x":0.22723282873630525,"y":0.12924043834209443,"z":-0.030568484216928483,"w":0.9648661017417908},"size":2.598076105117798,"orthographic":false}